[
  {
    "id": "848fc7d1-1ebf-40f7-b791-bd91cea8de85",
    "data": [
      {
        "text": "   Access blocked to the site    are you serious ",
        "userDefined": false
      }
    ],
    "isTemplate": false,
    "count": 0,
    "updated": 1517317749
  },
  {
    "id": "dbfc0dd6-7aad-4e6c-b9f2-7d47f5909a18",
    "data": [
      {
        "text": "Can\u0027t access account\r",
        "userDefined": false
      }
    ],
    "isTemplate": false,
    "count": 0,
    "updated": 1517317749
  },
  {
    "id": "46429e27-4245-4632-9377-cacccbc24c1b",
    "data": [
      {
        "text": "Access to the website blocked",
        "userDefined": false
      }
    ],
    "isTemplate": false,
    "count": 0,
    "updated": 1517317749
  }
]