[
  {
    "id": "9315f572-fcb3-49fc-9fbc-e83602370bb5",
    "data": [
      {
        "text": "Can\u0027t access account\r",
        "userDefined": false
      }
    ],
    "isTemplate": false,
    "count": 0,
    "updated": 1521195074
  },
  {
    "id": "c1947a08-c468-44fa-b86b-34c05be7b806",
    "data": [
      {
        "text": "Access to the website blocked",
        "userDefined": false
      }
    ],
    "isTemplate": false,
    "count": 0,
    "updated": 1521195074
  },
  {
    "id": "36815640-79a2-4659-86f7-18951b2621a7",
    "data": [
      {
        "text": "   Access blocked to the site  are you serious ",
        "userDefined": false
      }
    ],
    "isTemplate": false,
    "count": 0,
    "updated": 1521195074
  }
]