[
  {
    "id": "91292c6b-b954-427f-8dae-f6d4734d5252",
    "data": [
      {
        "text": "Benefits of Ambassador  Premium  Verified and Basic level ",
        "userDefined": false
      }
    ],
    "isTemplate": false,
    "count": 0,
    "updated": 0
  },
  {
    "id": "38346bc4-9eff-4d3d-85e8-b6714b7fb09e",
    "data": [
      {
        "text": "Ambassador level                                                             Premium level                                                                                   Verified level                                                                           Basic level\r",
        "userDefined": false
      }
    ],
    "isTemplate": false,
    "count": 0,
    "updated": 0
  }
]