[
  {
    "id": "5280f2fd-6b84-42a7-814b-66765cac0c3d",
    "data": [
      {
        "text": "Do I have to pay to sign up to be a Univox Community user ",
        "userDefined": false
      }
    ],
    "isTemplate": false,
    "count": 0,
    "updated": 0
  },
  {
    "id": "16bacb8a-93d5-4a41-97f3-fc57936f6f80",
    "data": [
      {
        "text": "Charges for joining                                                                     what is the fee for joining",
        "userDefined": false
      }
    ],
    "isTemplate": false,
    "count": 0,
    "updated": 0
  }
]