[
  {
    "id": "db712e67-62a7-480c-aa58-00dc97c8db64",
    "data": [
      {
        "text": "Do you have paypal ",
        "userDefined": false
      }
    ],
    "isTemplate": false,
    "count": 0,
    "updated": 0
  },
  {
    "id": "3734d766-c2dc-464f-8a9f-939a2da7e972",
    "data": [
      {
        "text": "PayPal                                                                                                                                   Unable to redeem for Paypal                                       \r",
        "userDefined": false
      }
    ],
    "isTemplate": false,
    "count": 0,
    "updated": 0
  },
  {
    "id": "55486a77-8741-4d9f-b61d-e96f14d1ae14",
    "data": [
      {
        "text": "Why is Paypal not available                                                          Who is eligible for PayPal\r",
        "userDefined": false
      }
    ],
    "isTemplate": false,
    "count": 0,
    "updated": 0
  }
]