[
  {
    "id": "48967b41-14ee-4f03-9d3d-313528653dc0",
    "data": [
      {
        "text": "How long it takes to receive my gift code ",
        "userDefined": false
      }
    ],
    "isTemplate": false,
    "count": 0,
    "updated": 0
  },
  {
    "id": "f3ef7d05-d7c6-4751-8096-6bb8d450f3fd",
    "data": [
      {
        "text": "Reward time      \r",
        "userDefined": false
      }
    ],
    "isTemplate": false,
    "count": 0,
    "updated": 0
  },
  {
    "id": "25bb99f6-107b-4c97-bef6-9e643713c241",
    "data": [
      {
        "text": "Didn\u0027t receive a reward\r",
        "userDefined": false
      }
    ],
    "isTemplate": false,
    "count": 0,
    "updated": 0
  }
]