[
  {
    "id": "c670c709-b083-4b95-ade2-ad764bcbe65f",
    "data": [
      {
        "text": "How do I check on my pending rewards and how to get them ",
        "userDefined": false
      }
    ],
    "isTemplate": false,
    "count": 0,
    "updated": 1517489414
  },
  {
    "id": "ebed70dc-9e22-4771-b50f-e87290d2769b",
    "data": [
      {
        "text": "rejected rewards\r",
        "userDefined": false
      }
    ],
    "isTemplate": false,
    "count": 0,
    "updated": 1517489414
  },
  {
    "id": "b72784a8-be20-4b30-9187-00349dc13c4e",
    "data": [
      {
        "text": "pending reward",
        "userDefined": false
      }
    ],
    "isTemplate": false,
    "count": 0,
    "updated": 1517489414
  }
]