[
  {
    "id": "1be4d06a-1c81-4e31-8c0b-335c86b6d468",
    "data": [
      {
        "text": "How can I edit my DOB ",
        "userDefined": false
      }
    ],
    "isTemplate": false,
    "count": 0,
    "updated": 1517316928
  },
  {
    "id": "4baae2c7-f6c1-4acf-b48b-3012e22b4fcb",
    "data": [
      {
        "text": "profile change\r",
        "userDefined": false
      }
    ],
    "isTemplate": false,
    "count": 0,
    "updated": 1517316928
  },
  {
    "id": "d28fc6a2-f1d9-4154-ac36-6b6650cd78db",
    "data": [
      {
        "text": "information change\r",
        "userDefined": false
      }
    ],
    "isTemplate": false,
    "count": 0,
    "updated": 1517316928
  },
  {
    "id": "60ba2b0e-9782-4ea9-a018-c0ace8e9adf8",
    "data": [
      {
        "text": "birthday date",
        "userDefined": false
      }
    ],
    "isTemplate": false,
    "count": 0,
    "updated": 1517316928
  }
]