[
  {
    "id": "72add05f-5007-4bd9-8fe4-eb206e9f0852",
    "data": [
      {
        "text": "How to deactivate my account ",
        "userDefined": false
      }
    ],
    "isTemplate": false,
    "count": 0,
    "updated": 0
  },
  {
    "id": "53125192-1fb6-41d6-a5b6-140b0b4d0268",
    "data": [
      {
        "text": "Unsubscribe\r",
        "userDefined": false
      }
    ],
    "isTemplate": false,
    "count": 0,
    "updated": 0
  },
  {
    "id": "2c4c6464-c22e-4489-b116-44ecd0d0c690",
    "data": [
      {
        "text": "Delete account\r",
        "userDefined": false
      }
    ],
    "isTemplate": false,
    "count": 0,
    "updated": 0
  }
]