[
  {
    "id": "496ac1d4-e4b6-416d-a832-95055733ebe8",
    "data": [
      {
        "text": "How I can participate in the poll ",
        "userDefined": false
      }
    ],
    "isTemplate": false,
    "count": 0,
    "updated": 0
  },
  {
    "id": "f0645d47-b342-4b22-ab20-35f1c1ab9a20",
    "data": [
      {
        "text": "Univox Polls                            \r",
        "userDefined": false
      }
    ],
    "isTemplate": false,
    "count": 0,
    "updated": 0
  },
  {
    "id": "bc2f441f-0b5d-451b-82fe-a8954c5e7a03",
    "data": [
      {
        "text": "Poll points\r",
        "userDefined": false
      }
    ],
    "isTemplate": false,
    "count": 0,
    "updated": 0
  }
]