[
  {
    "id": "f6416863-2184-4b10-a83e-22a5ddf4b188",
    "data": [
      {
        "text": "How many points do I need to redeem  and how can I redeem ",
        "userDefined": false
      }
    ],
    "isTemplate": false,
    "count": 0,
    "updated": 1517484285
  },
  {
    "id": "3e542960-ba7c-421f-8bdd-13b7073ed1a8",
    "data": [
      {
        "text": "redeem points\r",
        "userDefined": false
      }
    ],
    "isTemplate": false,
    "count": 0,
    "updated": 1517484285
  },
  {
    "id": "84bf1c80-a9e3-4152-9fe6-f1b7ada3fe90",
    "data": [
      {
        "text": "redeem process",
        "userDefined": false
      }
    ],
    "isTemplate": false,
    "count": 0,
    "updated": 1517484285
  }
]