[
  {
    "id": "13664ec8-37ab-43f0-a132-250059712dfb",
    "data": [
      {
        "text": "How long do the survey take to complete ",
        "userDefined": false
      }
    ],
    "isTemplate": false,
    "count": 0,
    "updated": 0
  },
  {
    "id": "787f3212-77de-460a-9e23-9e88c0e93cd6",
    "data": [
      {
        "text": "What is the length of a survey                                    \r",
        "userDefined": false
      }
    ],
    "isTemplate": false,
    "count": 0,
    "updated": 0
  },
  {
    "id": "05f99e97-801b-48fe-ac52-f6ca10cec4c6",
    "data": [
      {
        "text": "What is the time to complete a survey                                                                                     \r",
        "userDefined": false
      }
    ],
    "isTemplate": false,
    "count": 0,
    "updated": 0
  }
]