[
  {
    "id": "6e0d24ef-09dd-4140-adbf-76ff379f9827",
    "data": [
      {
        "text": "How many points are required for redemption ",
        "userDefined": false
      }
    ],
    "isTemplate": false,
    "count": 0,
    "updated": 0
  },
  {
    "id": "b19baa3f-90f4-4167-ad4f-f5dd18538119",
    "data": [
      {
        "text": "What are the minimum points required for redemption \r",
        "userDefined": false
      }
    ],
    "isTemplate": false,
    "count": 0,
    "updated": 0
  },
  {
    "id": "2b13415c-d5b6-4641-806d-6dfefb8f7c15",
    "data": [
      {
        "text": "Premium level redemption\r",
        "userDefined": false
      }
    ],
    "isTemplate": false,
    "count": 0,
    "updated": 0
  },
  {
    "id": "1533ca6a-f5c9-4411-bc4e-4dc721a7d715",
    "data": [
      {
        "text": "Ambassador level redemption\r",
        "userDefined": false
      }
    ],
    "isTemplate": false,
    "count": 0,
    "updated": 0
  },
  {
    "id": "fc213d2f-0b6e-44e3-a7fa-3f42d9d48723",
    "data": [
      {
        "text": "Basic level redemption\r",
        "userDefined": false
      }
    ],
    "isTemplate": false,
    "count": 0,
    "updated": 0
  },
  {
    "id": "cfb01cf2-4420-4c95-b209-0eb164cd29e5",
    "data": [
      {
        "text": "Verified level redemption\r",
        "userDefined": false
      }
    ],
    "isTemplate": false,
    "count": 0,
    "updated": 0
  },
  {
    "id": "68a8ac61-40d2-4cec-a05b-783de45c4576",
    "data": [
      {
        "text": "Points need to cash out\r",
        "userDefined": false
      }
    ],
    "isTemplate": false,
    "count": 0,
    "updated": 0
  }
]