[
  {
    "id": "19cec07e-fd4c-44cc-8180-f4ec0934979d",
    "data": [
      {
        "text": "How can I change my email address   ",
        "userDefined": false
      }
    ],
    "isTemplate": false,
    "count": 0,
    "updated": 0
  },
  {
    "id": "a1f81977-1c85-460b-8b6c-c6e305c7c7d1",
    "data": [
      {
        "text": "Update email address                                                       \r",
        "userDefined": false
      }
    ],
    "isTemplate": false,
    "count": 0,
    "updated": 0
  },
  {
    "id": "6cf98d46-7ecc-4152-8161-9576b40fd152",
    "data": [
      {
        "text": "Modify email",
        "userDefined": false
      }
    ],
    "isTemplate": false,
    "count": 0,
    "updated": 0
  }
]