[
  {
    "id": "e3c39faa-406e-41a1-afed-3e1ca573e4ab",
    "data": [
      {
        "text": "How can I change my email address and other details",
        "userDefined": false
      }
    ],
    "isTemplate": false,
    "count": 0,
    "updated": 0
  },
  {
    "id": "faf5343a-34b7-4800-8179-22ab9b74c881",
    "data": [
      {
        "text": "Update email address                                                       \r",
        "userDefined": false
      }
    ],
    "isTemplate": false,
    "count": 0,
    "updated": 0
  },
  {
    "id": "547f6290-9e18-40eb-975c-480ae602ca6f",
    "data": [
      {
        "text": "Modify email\r",
        "userDefined": false
      }
    ],
    "isTemplate": false,
    "count": 0,
    "updated": 0
  },
  {
    "id": "0063ca73-35e1-4982-bc5e-3b59a6dcf286",
    "data": [
      {
        "text": "update details",
        "userDefined": false
      }
    ],
    "isTemplate": false,
    "count": 0,
    "updated": 0
  }
]