[
  {
    "id": "8755fce3-fd95-4310-98d1-236bcab38cb5",
    "data": [
      {
        "text": "How long does it take for your Gift Card to be sent after redeeming the points for it ",
        "userDefined": false
      }
    ],
    "isTemplate": false,
    "count": 0,
    "updated": 1518006925
  },
  {
    "id": "ae3ccdfb-c15c-4bd0-aac4-c0483a9d16c6",
    "data": [
      {
        "text": "time for gift card",
        "userDefined": false
      }
    ],
    "isTemplate": false,
    "count": 0,
    "updated": 1518006925
  }
]