[
  {
    "id": "52123fc9-8e4d-4c13-a68b-aa4badc59e1f",
    "data": [
      {
        "text": "How can I change my registered email id and other details ",
        "userDefined": false
      }
    ],
    "isTemplate": false,
    "count": 0,
    "updated": 1517317022
  },
  {
    "id": "cbab0a5b-924a-4114-b66f-892c317dfd98",
    "data": [
      {
        "text": "new email\r",
        "userDefined": false
      }
    ],
    "isTemplate": false,
    "count": 0,
    "updated": 1517317022
  },
  {
    "id": "9c4884e7-4033-4ebb-be87-f9bf1643f188",
    "data": [
      {
        "text": "change in email",
        "userDefined": false
      }
    ],
    "isTemplate": false,
    "count": 0,
    "updated": 1517317022
  }
]