[
  {
    "id": "67da7e87-6425-4a93-b269-40b35cc47633",
    "data": [
      {
        "text": "pending rewards\r",
        "userDefined": false
      }
    ],
    "isTemplate": false,
    "count": 0,
    "updated": 1519209339
  },
  {
    "id": "775272b0-c2eb-4cb5-8e8d-799987b7be89",
    "data": [
      {
        "text": "How do I check on pending rewards and how to get them ",
        "userDefined": false
      }
    ],
    "isTemplate": false,
    "count": 0,
    "updated": 1519209339
  },
  {
    "id": "48ea1a5d-3d0c-48bf-9355-b440a09ec21f",
    "data": [
      {
        "text": "rejected rewards",
        "userDefined": false
      }
    ],
    "isTemplate": false,
    "count": 0,
    "updated": 1519209339
  }
]