[
  {
    "id": "5558b39c-a11a-4f0b-a5ed-2042e3ba6f29",
    "data": [
      {
        "text": "How I get the joining bonus  ",
        "userDefined": false
      }
    ],
    "isTemplate": false,
    "count": 0,
    "updated": 0
  },
  {
    "id": "96c4c87c-8944-4088-b715-0bca24ec69e4",
    "data": [
      {
        "text": "Joining points    \r",
        "userDefined": false
      }
    ],
    "isTemplate": false,
    "count": 0,
    "updated": 0
  },
  {
    "id": "d18c525b-514f-4b50-81ec-c52579b4fcaf",
    "data": [
      {
        "text": "Sign on bonus\r",
        "userDefined": false
      }
    ],
    "isTemplate": false,
    "count": 0,
    "updated": 0
  },
  {
    "id": "05c49a45-77a3-4fa2-acbb-9acb2e1b7583",
    "data": [
      {
        "text": "500 points\r",
        "userDefined": false
      }
    ],
    "isTemplate": false,
    "count": 0,
    "updated": 0
  }
]