[
  {
    "id": "f5dd6dda-0dcd-4f9d-8051-6942530b0878",
    "data": [
      {
        "text": "I am facing technical error ",
        "userDefined": false
      }
    ],
    "isTemplate": false,
    "count": 0,
    "updated": 0
  },
  {
    "id": "b8d20203-2f22-45d9-9b86-46688be98271",
    "data": [
      {
        "text": "Do not let me access the survey\r",
        "userDefined": false
      }
    ],
    "isTemplate": false,
    "count": 0,
    "updated": 0
  },
  {
    "id": "3b054727-27ac-42ea-aace-705255b8b682",
    "data": [
      {
        "text": "Can not take the survey\r",
        "userDefined": false
      }
    ],
    "isTemplate": false,
    "count": 0,
    "updated": 0
  },
  {
    "id": "a4bb8d3f-0f8a-4ab0-b67a-cd9349643195",
    "data": [
      {
        "text": "Can not click on the survey\r",
        "userDefined": false
      }
    ],
    "isTemplate": false,
    "count": 0,
    "updated": 0
  },
  {
    "id": "f20be643-1acb-4a76-a008-e2d01a852bee",
    "data": [
      {
        "text": "Did not redirect \r",
        "userDefined": false
      }
    ],
    "isTemplate": false,
    "count": 0,
    "updated": 0
  },
  {
    "id": "f0b090b3-d787-464e-ad70-3481d2c9c588",
    "data": [
      {
        "text": "Screen froze \r",
        "userDefined": false
      }
    ],
    "isTemplate": false,
    "count": 0,
    "updated": 0
  },
  {
    "id": "51a14d29-0ab5-4951-bde0-d694d1711944",
    "data": [
      {
        "text": "Button not working\r",
        "userDefined": false
      }
    ],
    "isTemplate": false,
    "count": 0,
    "updated": 0
  },
  {
    "id": "5cb980c2-e9f0-4149-afa7-cd838b6a26e7",
    "data": [
      {
        "text": "There is a problem\r",
        "userDefined": false
      }
    ],
    "isTemplate": false,
    "count": 0,
    "updated": 0
  }
]