[
  {
    "id": "5811451b-8806-45d4-bf0d-b82a1243acb5",
    "data": [
      {
        "text": "I am unable to login huh",
        "userDefined": false
      }
    ],
    "isTemplate": false,
    "count": 0,
    "updated": 1521188491
  },
  {
    "id": "dd97f8a9-6324-4e24-8c5b-adffe7c31367",
    "data": [
      {
        "text": "New password                                                                  \r",
        "userDefined": false
      }
    ],
    "isTemplate": false,
    "count": 0,
    "updated": 1521188491
  },
  {
    "id": "89927ac7-021c-4fa0-90e4-ec6fccdb8fe0",
    "data": [
      {
        "text": "Forget password",
        "userDefined": false
      }
    ],
    "isTemplate": false,
    "count": 0,
    "updated": 1521188491
  }
]