[
  {
    "id": "2db73233-6a45-475a-abed-7d0f7e3a2812",
    "data": [
      {
        "text": "I am unable to login huh ",
        "userDefined": false
      }
    ],
    "isTemplate": false,
    "count": 0,
    "updated": 1517316416
  },
  {
    "id": "9d7d594c-2d7e-4415-aad5-8a02eea683fe",
    "data": [
      {
        "text": "New password                                                                  \r",
        "userDefined": false
      }
    ],
    "isTemplate": false,
    "count": 0,
    "updated": 1517316416
  },
  {
    "id": "ed288be2-ec4a-4f00-be2c-09e8ed3a2aed",
    "data": [
      {
        "text": "Forget password",
        "userDefined": false
      }
    ],
    "isTemplate": false,
    "count": 0,
    "updated": 1517316416
  }
]