[
  {
    "id": "5e1471dd-0d1a-4faa-856c-b8c42a5ee590",
    "data": [
      {
        "text": "no points for surveys\r",
        "userDefined": false
      }
    ],
    "isTemplate": false,
    "count": 0,
    "updated": 1519129621
  },
  {
    "id": "8d7a88d9-a41f-41cb-956a-4c8b4c9fa03e",
    "data": [
      {
        "text": "I completed a survey but still the points are not credited into my account  Why ",
        "userDefined": false
      }
    ],
    "isTemplate": false,
    "count": 0,
    "updated": 1519129621
  }
]