[
  {
    "id": "a5e5fc9c-2495-4c04-a7f8-86785a46ce3d",
    "data": [
      {
        "text": "I completed a survey but still the points are not credited into my account  Why",
        "userDefined": false
      }
    ],
    "isTemplate": false,
    "count": 0,
    "updated": 1524131573
  },
  {
    "id": "3a56dadd-9bec-4f0c-a55c-35c6d6eb32db",
    "data": [
      {
        "text": "no points for surveys",
        "userDefined": false
      }
    ],
    "isTemplate": false,
    "count": 0,
    "updated": 1524131573
  }
]