[
  {
    "id": "95373f68-8d5f-4ad3-8fba-6a120d5c200a",
    "data": [
      {
        "text": "I did not received points",
        "userDefined": false
      }
    ],
    "isTemplate": false,
    "count": 0,
    "updated": 0
  },
  {
    "id": "ac07de10-7f6d-4a02-ae8f-4ad546f27742",
    "data": [
      {
        "text": "Missing points      \r",
        "userDefined": false
      }
    ],
    "isTemplate": false,
    "count": 0,
    "updated": 0
  },
  {
    "id": "93194fd5-dd28-45f0-a9bd-098dadb0459e",
    "data": [
      {
        "text": "No points for completion     \r",
        "userDefined": false
      }
    ],
    "isTemplate": false,
    "count": 0,
    "updated": 0
  },
  {
    "id": "cde1eee0-5b1d-4724-914f-82c3daa565e2",
    "data": [
      {
        "text": "Not getting points\r",
        "userDefined": false
      }
    ],
    "isTemplate": false,
    "count": 0,
    "updated": 0
  },
  {
    "id": "2845c036-c8c7-4d18-b8f9-ae005e902c5e",
    "data": [
      {
        "text": "disqualification points not credited",
        "userDefined": false
      }
    ],
    "isTemplate": false,
    "count": 0,
    "updated": 0
  }
]