[
  {
    "id": "7d93ad8f-869d-4f17-8e6a-32a18f06d00d",
    "data": [
      {
        "text": "I did not received points ",
        "userDefined": false
      }
    ],
    "isTemplate": false,
    "count": 0,
    "updated": 0
  },
  {
    "id": "503f823b-f1c7-4d4d-abc5-ed25756c4fc7",
    "data": [
      {
        "text": "Missing points      \r",
        "userDefined": false
      }
    ],
    "isTemplate": false,
    "count": 0,
    "updated": 0
  },
  {
    "id": "a9727e53-04f1-413b-b2e3-cfab13a513b2",
    "data": [
      {
        "text": "No points for completion     \r",
        "userDefined": false
      }
    ],
    "isTemplate": false,
    "count": 0,
    "updated": 0
  },
  {
    "id": "835f1cd2-0ef8-4043-a0c9-7e55d4ba02e0",
    "data": [
      {
        "text": "Not getting points",
        "userDefined": false
      }
    ],
    "isTemplate": false,
    "count": 0,
    "updated": 0
  }
]