[
  {
    "id": "45e857f4-9f67-45a1-8166-fa41576faa77",
    "data": [
      {
        "text": "forgot the password\r",
        "userDefined": false
      }
    ],
    "isTemplate": false,
    "count": 0,
    "updated": 1520583908
  },
  {
    "id": "396255b9-0963-4b6a-a246-49a504097771",
    "data": [
      {
        "text": "I don   t remember my password ",
        "userDefined": false
      }
    ],
    "isTemplate": false,
    "count": 0,
    "updated": 1520583908
  },
  {
    "id": "cb931350-8222-4441-a930-6864819efc63",
    "data": [
      {
        "text": "change password\r",
        "userDefined": false
      }
    ],
    "isTemplate": false,
    "count": 0,
    "updated": 1520583908
  }
]