[
  {
    "id": "fa303b8c-db03-407e-aae6-cd04f2bfb949",
    "data": [
      {
        "text": "forgot the password\r",
        "userDefined": false
      }
    ],
    "isTemplate": false,
    "count": 0,
    "updated": 1521195920
  },
  {
    "id": "1ebff8e6-d42f-45c7-a2f1-0e1dc5d07df4",
    "data": [
      {
        "text": "I don t remember my password ",
        "userDefined": false
      }
    ],
    "isTemplate": false,
    "count": 0,
    "updated": 1521195920
  },
  {
    "id": "1419a85d-520b-4396-9825-961a22f004e0",
    "data": [
      {
        "text": "change password\r",
        "userDefined": false
      }
    ],
    "isTemplate": false,
    "count": 0,
    "updated": 1521195920
  }
]