[
  {
    "id": "70c7698d-2de5-4454-adca-fa4f1fe91e0e",
    "data": [
      {
        "text": "I dont remember my password ",
        "userDefined": false
      }
    ],
    "isTemplate": false,
    "count": 0,
    "updated": 0
  },
  {
    "id": "cbecdeb5-8ba2-430c-b3f2-9b913627989d",
    "data": [
      {
        "text": "New password                                                                  \r",
        "userDefined": false
      }
    ],
    "isTemplate": false,
    "count": 0,
    "updated": 0
  },
  {
    "id": "96117688-4e2e-4c5b-8b83-18aaac75ddec",
    "data": [
      {
        "text": "Forget password",
        "userDefined": false
      }
    ],
    "isTemplate": false,
    "count": 0,
    "updated": 0
  }
]