[
  {
    "id": "6b899333-2012-4548-88c1-1996907da20f",
    "data": [
      {
        "text": "I have completed Survey xyz but did not get points",
        "userDefined": false
      }
    ],
    "isTemplate": false,
    "count": 0,
    "updated": 1517487921
  },
  {
    "id": "3b967239-c9b8-499e-b4ad-88c75663bb66",
    "data": [
      {
        "text": "no survey points\r",
        "userDefined": false
      }
    ],
    "isTemplate": false,
    "count": 0,
    "updated": 1517487921
  },
  {
    "id": "58dae500-ad75-49c2-9372-87837fb1c1c1",
    "data": [
      {
        "text": "no 5 points",
        "userDefined": false
      }
    ],
    "isTemplate": false,
    "count": 0,
    "updated": 1517487921
  }
]