[
  {
    "id": "6ab1daa8-0de0-46b8-8457-4cfe62996f2b",
    "data": [
      {
        "text": "I was disqualified from the survey just after filling my profile information  Why ",
        "userDefined": false
      }
    ],
    "isTemplate": false,
    "count": 0,
    "updated": 0
  },
  {
    "id": "a3d41613-6034-446a-a04f-32a9b4e9df7b",
    "data": [
      {
        "text": "Why I was disqualified from a survey \r",
        "userDefined": false
      }
    ],
    "isTemplate": false,
    "count": 0,
    "updated": 0
  },
  {
    "id": "f379dc0a-e82e-43f9-a6d2-283afb5b8d49",
    "data": [
      {
        "text": "disqualify from survey\r",
        "userDefined": false
      }
    ],
    "isTemplate": false,
    "count": 0,
    "updated": 0
  }
]