[
  {
    "id": "42d5a70e-b47d-453e-b136-018ed242e608",
    "data": [
      {
        "text": "Redemption",
        "userDefined": false
      }
    ],
    "isTemplate": false,
    "count": 0,
    "updated": 1524133711
  },
  {
    "id": "6079ab2e-f8cb-4a74-8d26-e94d4e68e8cd",
    "data": [
      {
        "text": "Your Prepaid Visa Reward will be delivered to you via email. Simply click the link to access your Vi",
        "userDefined": false
      }
    ],
    "isTemplate": false,
    "count": 0,
    "updated": 1524133711
  },
  {
    "id": "29b03a96-f0f4-4876-97fd-d4718c743da9",
    "data": [
      {
        "text": "virtual visa card",
        "userDefined": false
      }
    ],
    "isTemplate": false,
    "count": 0,
    "updated": 1524133711
  }
]