[
  {
    "id": "5cef8593-8e4c-4df4-bd90-b8ed1cb28dcb",
    "data": [
      {
        "text": "Submit button is not working on the redemption page.",
        "userDefined": false
      }
    ],
    "isTemplate": false,
    "count": 0,
    "updated": 1521200061
  },
  {
    "id": "e83264e4-3033-43ea-abc5-32d7fd8e8106",
    "data": [
      {
        "text": "Redemption not working      \r",
        "userDefined": false
      }
    ],
    "isTemplate": false,
    "count": 0,
    "updated": 1521200061
  },
  {
    "id": "e9f694d1-ba51-4343-b644-bfa57d34c610",
    "data": [
      {
        "text": "Not able to redeem     \r",
        "userDefined": false
      }
    ],
    "isTemplate": false,
    "count": 0,
    "updated": 1521200061
  },
  {
    "id": "f3678930-49cc-460c-94fb-2c33cdf9e345",
    "data": [
      {
        "text": "Unable to redeem\r",
        "userDefined": false
      }
    ],
    "isTemplate": false,
    "count": 0,
    "updated": 1521200061
  }
]