[
  {
    "id": "7376d31d-cb8b-4872-bad1-615b2a794906",
    "data": [
      {
        "text": "Wasting Time",
        "userDefined": false
      }
    ],
    "isTemplate": false,
    "count": 0,
    "updated": 0
  },
  {
    "id": "46ac775b-3eed-436f-8c43-ad027788c875",
    "data": [
      {
        "text": "waste time\r",
        "userDefined": false
      }
    ],
    "isTemplate": false,
    "count": 0,
    "updated": 0
  },
  {
    "id": "53d9881d-f849-43c0-94f0-f85a04413fed",
    "data": [
      {
        "text": "not  qualify\r",
        "userDefined": false
      }
    ],
    "isTemplate": false,
    "count": 0,
    "updated": 0
  },
  {
    "id": "19597e01-609a-4a6a-9ceb-cdd19cd41597",
    "data": [
      {
        "text": "bad user experience\r",
        "userDefined": false
      }
    ],
    "isTemplate": false,
    "count": 0,
    "updated": 0
  },
  {
    "id": "27c1d0d5-d16b-40fc-9fa0-8975dcc2b884",
    "data": [
      {
        "text": "bad panel\r",
        "userDefined": false
      }
    ],
    "isTemplate": false,
    "count": 0,
    "updated": 0
  },
  {
    "id": "95c02a40-55b7-4db2-a633-e135921b7808",
    "data": [
      {
        "text": "terrible panel \r",
        "userDefined": false
      }
    ],
    "isTemplate": false,
    "count": 0,
    "updated": 0
  }
]