[
  {
    "id": "89b7ae87-8f3b-4e9a-9b2e-802ca969781d",
    "data": [
      {
        "text": "what is the worth if 2500 points ",
        "userDefined": false
      }
    ],
    "isTemplate": false,
    "count": 0,
    "updated": 0
  },
  {
    "id": "eea3b4be-974d-45e0-be73-da11e5a4b002",
    "data": [
      {
        "text": "2500 point is equivalent\r",
        "userDefined": false
      }
    ],
    "isTemplate": false,
    "count": 0,
    "updated": 0
  },
  {
    "id": "ebb5c048-c704-49ef-9575-aecf7ea3be8c",
    "data": [
      {
        "text": "2500 points equals to\r",
        "userDefined": false
      }
    ],
    "isTemplate": false,
    "count": 0,
    "updated": 0
  }
]