[
  {
    "id": "59898097-43e7-4bcb-a0bc-92f0753a6fea",
    "data": [
      {
        "text": "What is authentication badge ",
        "userDefined": false
      }
    ],
    "isTemplate": false,
    "count": 0,
    "updated": 0
  },
  {
    "id": "70c780ec-7f1d-4c47-a321-1e7cab55cd36",
    "data": [
      {
        "text": "Can\u0027t get authentication badge\r",
        "userDefined": false
      }
    ],
    "isTemplate": false,
    "count": 0,
    "updated": 0
  },
  {
    "id": "16726574-9b6b-402c-893f-1ca8369a3606",
    "data": [
      {
        "text": "Purpose of authentication badge",
        "userDefined": false
      }
    ],
    "isTemplate": false,
    "count": 0,
    "updated": 0
  }
]