[
  {
    "id": "f2459401-a60b-49e4-a4b4-4d81d1dc06ff",
    "data": [
      {
        "text": "What reward options do you offer for redemption ",
        "userDefined": false
      }
    ],
    "isTemplate": false,
    "count": 0,
    "updated": 1524840565
  },
  {
    "id": "4b699898-8f82-4a8f-bc69-943163153d16",
    "data": [
      {
        "text": "What are reward options?\r",
        "userDefined": false
      }
    ],
    "isTemplate": false,
    "count": 0,
    "updated": 1524840565
  }
]