[
  {
    "id": "49605f92-8431-4d75-b8f1-eafe6c789f18",
    "data": [
      {
        "text": "What browser does Univox Community work best in ",
        "userDefined": false
      }
    ],
    "isTemplate": false,
    "count": 0,
    "updated": 0
  },
  {
    "id": "fd74c3a3-c977-4d2a-b33c-4648e6cc38df",
    "data": [
      {
        "text": "Is Univox platform independent\r",
        "userDefined": false
      }
    ],
    "isTemplate": false,
    "count": 0,
    "updated": 0
  },
  {
    "id": "805c4f87-b865-4c6b-9cc5-7f5a006d022a",
    "data": [
      {
        "text": "What web browser works",
        "userDefined": false
      }
    ],
    "isTemplate": false,
    "count": 0,
    "updated": 0
  }
]