[
  {
    "id": "3842c994-2e4c-4795-ab79-a6ba2dacb741",
    "data": [
      {
        "text": "What is access blocked to the site means ",
        "userDefined": false
      }
    ],
    "isTemplate": false,
    "count": 0,
    "updated": 0
  },
  {
    "id": "6b3da2a3-765c-450e-9e4b-ab963f135fef",
    "data": [
      {
        "text": "Can\u0027t access account\r",
        "userDefined": false
      }
    ],
    "isTemplate": false,
    "count": 0,
    "updated": 0
  },
  {
    "id": "ceffe8fe-ac00-45d2-909f-ac8d4dcb280c",
    "data": [
      {
        "text": "Access to the website blocked",
        "userDefined": false
      }
    ],
    "isTemplate": false,
    "count": 0,
    "updated": 0
  }
]