[
  {
    "id": "12093b12-8892-4816-b96f-088f97054ccf",
    "data": [
      {
        "text": "What is your name  ",
        "userDefined": false
      }
    ],
    "isTemplate": false,
    "count": 0,
    "updated": 0
  },
  {
    "id": "539ba0cf-530a-4c7a-b955-6b236e2c98f7",
    "data": [
      {
        "text": "you name please \r",
        "userDefined": false
      }
    ],
    "isTemplate": false,
    "count": 0,
    "updated": 0
  },
  {
    "id": "ceb170d2-11da-491c-9acf-2150aaecf4cb",
    "data": [
      {
        "text": "who are you\r",
        "userDefined": false
      }
    ],
    "isTemplate": false,
    "count": 0,
    "updated": 0
  },
  {
    "id": "04229fff-5c7e-452c-927a-e73e935ace2c",
    "data": [
      {
        "text": "what are you called \r",
        "userDefined": false
      }
    ],
    "isTemplate": false,
    "count": 0,
    "updated": 0
  }
]