[
  {
    "id": "4c2fd29b-a49b-4579-b2bb-2d9d7de128c2",
    "data": [
      {
        "text": "What is LOI ",
        "userDefined": false
      }
    ],
    "isTemplate": false,
    "count": 0,
    "updated": 1524059052
  },
  {
    "id": "587b4322-1ef0-4c21-9d6f-97fd174db359",
    "data": [
      {
        "text": "What does LOI stands for?\r",
        "userDefined": false
      }
    ],
    "isTemplate": false,
    "count": 0,
    "updated": 1524059052
  },
  {
    "id": "34c0f88f-8d15-49df-b447-e13bab167bec",
    "data": [
      {
        "text": "What is the Full Form of LOI?",
        "userDefined": false
      }
    ],
    "isTemplate": false,
    "count": 0,
    "updated": 1524059052
  }
]