[
  {
    "id": "8933bb39-c12a-466b-820b-ca6ed9f620db",
    "data": [
      {
        "text": "Where I can check my points  ",
        "userDefined": false
      }
    ],
    "isTemplate": false,
    "count": 0,
    "updated": 0
  },
  {
    "id": "e5e695f9-0690-42ad-be6b-ccbdb1aadf51",
    "data": [
      {
        "text": "Total points                                                                       Redeemed points                                                                  Remaining points\r",
        "userDefined": false
      }
    ],
    "isTemplate": false,
    "count": 0,
    "updated": 0
  }
]