[
  {
    "id": "d0da482e-05ba-406a-97cc-77b0cbb00a5f",
    "data": [
      {
        "text": "Where can I view my account activities ",
        "userDefined": false
      }
    ],
    "isTemplate": false,
    "count": 0,
    "updated": 1517317146
  },
  {
    "id": "d36a68f1-8bab-4756-b7f3-24e4c63d01c2",
    "data": [
      {
        "text": "Earned points\r",
        "userDefined": false
      }
    ],
    "isTemplate": false,
    "count": 0,
    "updated": 1517317146
  },
  {
    "id": "ebba437e-deb7-45a0-b3c7-62374eefc847",
    "data": [
      {
        "text": "profile details",
        "userDefined": false
      }
    ],
    "isTemplate": false,
    "count": 0,
    "updated": 1517317146
  }
]