[
  {
    "id": "d04308da-1737-46eb-a051-686041119929",
    "data": [
      {
        "text": "Where I can redeem my points  ",
        "userDefined": false
      }
    ],
    "isTemplate": false,
    "count": 0,
    "updated": 0
  },
  {
    "id": "ac1f61e9-e2c1-4faa-bcc3-2aa88acf8ff5",
    "data": [
      {
        "text": "Redeem points\r",
        "userDefined": false
      }
    ],
    "isTemplate": false,
    "count": 0,
    "updated": 0
  },
  {
    "id": "81b3252e-a8db-4f1d-b53d-453caad78766",
    "data": [
      {
        "text": "How to redeem points\r",
        "userDefined": false
      }
    ],
    "isTemplate": false,
    "count": 0,
    "updated": 0
  }
]