[
  {
    "id": "5e7ae3c5-97ca-4163-838d-b514ec912cb8",
    "data": [
      {
        "text": "Where is Winner name",
        "userDefined": false
      }
    ],
    "isTemplate": false,
    "count": 0,
    "updated": 1519207567
  },
  {
    "id": "295a41c1-2d2b-4162-bc25-a9ceebfffa8d",
    "data": [
      {
        "text": "Winner name\r",
        "userDefined": false
      }
    ],
    "isTemplate": false,
    "count": 0,
    "updated": 1519207567
  },
  {
    "id": "a9b997af-2a74-46ed-9730-5c55a781fd75",
    "data": [
      {
        "text": "contest name",
        "userDefined": false
      }
    ],
    "isTemplate": false,
    "count": 0,
    "updated": 1519207567
  }
]