[
  {
    "id": "9051cb82-b7a5-40f6-b74a-5fdc28756959",
    "data": [
      {
        "text": "Who is eligible to join",
        "userDefined": false
      }
    ],
    "isTemplate": false,
    "count": 0,
    "updated": 0
  },
  {
    "id": "0999fbc4-e886-425c-a37d-735634c702cb",
    "data": [
      {
        "text": "Eligibility criteria\r",
        "userDefined": false
      }
    ],
    "isTemplate": false,
    "count": 0,
    "updated": 0
  },
  {
    "id": "b7d0ecb7-3f89-456f-801d-66020b76e85d",
    "data": [
      {
        "text": "Age limit for joining \r",
        "userDefined": false
      }
    ],
    "isTemplate": false,
    "count": 0,
    "updated": 0
  },
  {
    "id": "96548a84-fc97-476b-a009-522e560c7852",
    "data": [
      {
        "text": "age required \r",
        "userDefined": false
      }
    ],
    "isTemplate": false,
    "count": 0,
    "updated": 0
  }
]