[
  {
    "id": "e8d97fe8-1270-4059-a990-df67b16c7529",
    "data": [
      {
        "text": "Who is eligible to participate in surveys",
        "userDefined": false
      }
    ],
    "isTemplate": false,
    "count": 0,
    "updated": 0
  },
  {
    "id": "b0e29276-4817-4fee-8fb0-b8436cad8bcb",
    "data": [
      {
        "text": "Eligibility criteria\r",
        "userDefined": false
      }
    ],
    "isTemplate": false,
    "count": 0,
    "updated": 0
  },
  {
    "id": "d3ffbdc5-94a0-4b80-a3fd-27f820f8a44c",
    "data": [
      {
        "text": "Age limit for joining \r",
        "userDefined": false
      }
    ],
    "isTemplate": false,
    "count": 0,
    "updated": 0
  },
  {
    "id": "80b63875-13b7-48a7-916f-3d4ca5e2d492",
    "data": [
      {
        "text": "Is there any age limit \r",
        "userDefined": false
      }
    ],
    "isTemplate": false,
    "count": 0,
    "updated": 0
  },
  {
    "id": "0a8c185e-c7e5-4a3e-bae1-7857b19fb66c",
    "data": [
      {
        "text": "What is the age required \r",
        "userDefined": false
      }
    ],
    "isTemplate": false,
    "count": 0,
    "updated": 0
  },
  {
    "id": "8854d83f-8cdc-4aa3-82eb-27075273e738",
    "data": [
      {
        "text": "What is the age limit\r",
        "userDefined": false
      }
    ],
    "isTemplate": false,
    "count": 0,
    "updated": 0
  },
  {
    "id": "65dc4543-f0ec-43c1-9b3a-831fd621f8e2",
    "data": [
      {
        "text": "Who is eligible",
        "userDefined": false
      }
    ],
    "isTemplate": false,
    "count": 0,
    "updated": 0
  }
]