[
  {
    "id": "ae51a3c6-cec6-4db2-ac12-4985739c352b",
    "data": [
      {
        "text": "Whom to contact in case of queries ",
        "userDefined": false
      }
    ],
    "isTemplate": false,
    "count": 0,
    "updated": 0
  },
  {
    "id": "92e43dd8-ec27-401d-a0ff-3105398c2cf6",
    "data": [
      {
        "text": "Your contact number                         \r",
        "userDefined": false
      }
    ],
    "isTemplate": false,
    "count": 0,
    "updated": 0
  },
  {
    "id": "867b9a50-8240-44fb-af0d-b0ab282a5bd0",
    "data": [
      {
        "text": "Phone number    \r",
        "userDefined": false
      }
    ],
    "isTemplate": false,
    "count": 0,
    "updated": 0
  },
  {
    "id": "9a1e087b-b861-45c0-83ed-d7a8d8cfb788",
    "data": [
      {
        "text": "Email id\r",
        "userDefined": false
      }
    ],
    "isTemplate": false,
    "count": 0,
    "updated": 0
  }
]