[
  {
    "id": "274b13ec-79bd-47b4-b5b0-25ff15d9ce50",
    "data": [
      {
        "text": "Why my account is terminated deactivated ",
        "userDefined": false
      }
    ],
    "isTemplate": false,
    "count": 0,
    "updated": 1517316275
  },
  {
    "id": "64aad402-e8fb-4b47-8f1a-63261b304f69",
    "data": [
      {
        "text": "Account is blocked\r",
        "userDefined": false
      }
    ],
    "isTemplate": false,
    "count": 0,
    "updated": 1517316275
  },
  {
    "id": "d5e489bd-2134-4b4c-83e1-2d96d523f56f",
    "data": [
      {
        "text": "Account is deleted\r",
        "userDefined": false
      }
    ],
    "isTemplate": false,
    "count": 0,
    "updated": 1517316275
  },
  {
    "id": "ccedcb38-49be-489e-8176-d11efb314892",
    "data": [
      {
        "text": "Account does not exist\r",
        "userDefined": false
      }
    ],
    "isTemplate": false,
    "count": 0,
    "updated": 1517316275
  },
  {
    "id": "c976fd9a-941b-477f-9541-999d825f525b",
    "data": [
      {
        "text": "Account closed\r",
        "userDefined": false
      }
    ],
    "isTemplate": false,
    "count": 0,
    "updated": 1517316275
  }
]