[
  {
    "id": "535793d8-d411-4284-a960-cced58cbe474",
    "data": [
      {
        "text": "Why I was disqualified from the survey after spending a few minutes answering questions.",
        "userDefined": false
      }
    ],
    "isTemplate": false,
    "count": 0,
    "updated": 0
  },
  {
    "id": "337b3687-4316-450c-a63b-a8542fcb5fdf",
    "data": [
      {
        "text": "disqualified immediately \r",
        "userDefined": false
      }
    ],
    "isTemplate": false,
    "count": 0,
    "updated": 0
  },
  {
    "id": "62f239af-044e-457f-a12d-0fb74083c91b",
    "data": [
      {
        "text": "disqualified after some time \r",
        "userDefined": false
      }
    ],
    "isTemplate": false,
    "count": 0,
    "updated": 0
  }
]