[
  {
    "id": "6c398f4e-06ad-47fd-86e1-e012488a572f",
    "data": [
      {
        "text": "Why is my account terminated ",
        "userDefined": false
      }
    ],
    "isTemplate": false,
    "count": 0,
    "updated": 1518183049
  },
  {
    "id": "c227ebb3-cb11-43cf-8849-d44e96f30625",
    "data": [
      {
        "text": "Account is blocked\r",
        "userDefined": false
      }
    ],
    "isTemplate": false,
    "count": 0,
    "updated": 1518183049
  },
  {
    "id": "0fc901af-035b-4261-aac5-7272b539576e",
    "data": [
      {
        "text": "Account is deleted\r",
        "userDefined": false
      }
    ],
    "isTemplate": false,
    "count": 0,
    "updated": 1518183049
  },
  {
    "id": "2bb6afbf-aeb3-4212-b872-a8361b479459",
    "data": [
      {
        "text": "Account does not exist\r",
        "userDefined": false
      }
    ],
    "isTemplate": false,
    "count": 0,
    "updated": 1518183049
  },
  {
    "id": "62f6070b-a134-44ba-b4be-b3ebd7946b94",
    "data": [
      {
        "text": "Account closed\r",
        "userDefined": false
      }
    ],
    "isTemplate": false,
    "count": 0,
    "updated": 1518183049
  }
]