[
  {
    "id": "17367948-6cea-4bef-bdcf-12e0b94c4d5b",
    "data": [
      {
        "text": "Why my account is terminated",
        "userDefined": false
      }
    ],
    "isTemplate": false,
    "count": 0,
    "updated": 1518183197
  },
  {
    "id": "525acf30-4014-4d5f-9429-a00ae8c3d476",
    "data": [
      {
        "text": "Account is blocked\r",
        "userDefined": false
      }
    ],
    "isTemplate": false,
    "count": 0,
    "updated": 1518183197
  },
  {
    "id": "081efca0-9737-4960-9ebe-e90b17eac4ca",
    "data": [
      {
        "text": "Account is deleted\r",
        "userDefined": false
      }
    ],
    "isTemplate": false,
    "count": 0,
    "updated": 1518183197
  },
  {
    "id": "556099a6-d7dd-4c7b-9864-8dd23dcc6037",
    "data": [
      {
        "text": "Account does not exist\r",
        "userDefined": false
      }
    ],
    "isTemplate": false,
    "count": 0,
    "updated": 1518183197
  },
  {
    "id": "78f59e99-d3e4-4f1e-9547-75412a0939a1",
    "data": [
      {
        "text": "Account closed\r",
        "userDefined": false
      }
    ],
    "isTemplate": false,
    "count": 0,
    "updated": 1518183197
  }
]