{
  "rasa_nlu_data": {
    "common_examples": [
      {
        "intent": "Access blocked to the site    are you serious",
        "text": "   Access blocked to the site    are you serious "
      },
      {
        "intent": "Access blocked to the site    are you serious",
        "text": "Can't access account\r"
      },
      {
        "intent": "Access blocked to the site    are you serious",
        "text": "Access to the website blocked"
      },
      {
        "intent": "Access blocked to the site  are you serious",
        "text": "Can't access account\r"
      },
      {
        "intent": "Access blocked to the site  are you serious",
        "text": "Access to the website blocked"
      },
      {
        "intent": "Access blocked to the site  are you serious",
        "text": "   Access blocked to the site  are you serious "
      },
      {
        "intent": "How do I upgrade my account to next level",
        "text": " How do I upgrade my account to next level "
      },
      {
        "intent": "How do I upgrade my account to next level",
        "text": "Upgradations"
      },
      {
        "intent": "What is Overall ranking",
        "text": " What is Overall ranking "
      },
      {
        "intent": "Are you a robot",
        "text": "Are you a robot "
      },
      {
        "intent": "Are your surveys mobile friendly",
        "text": "Are your surveys mobile friendly "
      },
      {
        "intent": "Benefits of Ambassador  Premium  Verified and Basic level",
        "text": "Benefits of Ambassador  Premium  Verified and Basic level "
      },
      {
        "intent": "Benefits of Ambassador  Premium  Verified and Basic level",
        "text": "Ambassador level                                                             Premium level                                                                                   Verified level                                                                           Basic level\r"
      },
      {
        "intent": "Can I redeem my points against the PayPal option",
        "text": "Can I redeem my points against the PayPal option "
      },
      {
        "intent": "Can I redeem my points against the PayPal option",
        "text": "PayPal available"
      },
      {
        "intent": "Can I redeem my points against the PayPal option",
        "text": "Can I redeem my points against the PayPal option"
      },
      {
        "intent": "Can I redeem my points against the PayPal option",
        "text": "PayPal available"
      },
      {
        "intent": "Default Welcome Intent",
        "text": "just going to say hi"
      },
      {
        "intent": "Default Welcome Intent",
        "text": "heya"
      },
      {
        "intent": "Default Welcome Intent",
        "text": "hello hi"
      },
      {
        "intent": "Default Welcome Intent",
        "text": "howdy"
      },
      {
        "intent": "Default Welcome Intent",
        "text": "hey there"
      },
      {
        "intent": "Default Welcome Intent",
        "text": "hi there"
      },
      {
        "intent": "Default Welcome Intent",
        "text": "greetings"
      },
      {
        "intent": "Default Welcome Intent",
        "text": "hey"
      },
      {
        "intent": "Default Welcome Intent",
        "text": "long time no see"
      },
      {
        "intent": "Default Welcome Intent",
        "text": "hello"
      },
      {
        "intent": "Default Welcome Intent",
        "text": "lovely day isn't it"
      },
      {
        "intent": "Default Welcome Intent",
        "text": "I greet you"
      },
      {
        "intent": "Default Welcome Intent",
        "text": "hello again"
      },
      {
        "intent": "Default Welcome Intent",
        "text": "hi"
      },
      {
        "intent": "Default Welcome Intent",
        "text": "hello there"
      },
      {
        "intent": "Default Welcome Intent",
        "text": "hi there"
      },
      {
        "intent": "Default Welcome Intent",
        "text": "a good day"
      },
      {
        "intent": "Do I have to participate every time I am invited to take a survey",
        "text": "Do I have to participate every time I am invited to take a survey "
      },
      {
        "intent": "Do I have to pay to sign up to be a Univox Community user",
        "text": "Do I have to pay to sign up to be a Univox Community user "
      },
      {
        "intent": "Do I have to pay to sign up to be a Univox Community user",
        "text": "Charges for joining                                                                     what is the fee for joining"
      },
      {
        "intent": "Do my points expire",
        "text": "Do my points expire  "
      },
      {
        "intent": "Do my points expire",
        "text": "Validity of points\r"
      },
      {
        "intent": "Do you have paypal",
        "text": "Do you have paypal "
      },
      {
        "intent": "Do you have paypal",
        "text": "PayPal                                                                                                                                   Unable to redeem for Paypal                                       \r"
      },
      {
        "intent": "Do you have paypal",
        "text": "Why is Paypal not available                                                          Who is eligible for PayPal\r"
      },
      {
        "intent": "How can I change my email address",
        "text": "How can I change my email address   "
      },
      {
        "intent": "How can I change my email address",
        "text": "Update email address                                                       \r"
      },
      {
        "intent": "How can I change my email address",
        "text": "Modify email"
      },
      {
        "intent": "How can I change my email address and other details",
        "text": "How can I change my email address and other details"
      },
      {
        "intent": "How can I change my email address and other details",
        "text": "Update email address                                                       \r"
      },
      {
        "intent": "How can I change my email address and other details",
        "text": "Modify email\r"
      },
      {
        "intent": "How can I change my email address and other details",
        "text": "update details"
      },
      {
        "intent": "How can I change my email address and other profile details",
        "text": "How can I change my email address and other profile details "
      },
      {
        "intent": "How can I change my registered email id and other details",
        "text": "How can I change my registered email id and other details "
      },
      {
        "intent": "How can I change my registered email id and other details",
        "text": "new email\r"
      },
      {
        "intent": "How can I change my registered email id and other details",
        "text": "change in email"
      },
      {
        "intent": "How can I check the level of my membership",
        "text": "How can I check the level of my membership "
      },
      {
        "intent": "How can I check the level of my membership",
        "text": "How can I check the level of my membership"
      },
      {
        "intent": "How can I check the level of my membership",
        "text": "membership level"
      },
      {
        "intent": "How can I download the App to my Android phone",
        "text": "How can I download the App to my Android phone "
      },
      {
        "intent": "How can I download the App to my Android phone",
        "text": "Android app"
      },
      {
        "intent": "How can I download the Univox App to my Apple phone",
        "text": "How can I download the Univox App to my Apple phone "
      },
      {
        "intent": "How can I download the Univox App to my Apple phone",
        "text": "download App"
      },
      {
        "intent": "How can I edit my DOB",
        "text": "How can I edit my DOB "
      },
      {
        "intent": "How can I edit my DOB",
        "text": "profile change\r"
      },
      {
        "intent": "How can I edit my DOB",
        "text": "information change\r"
      },
      {
        "intent": "How can I edit my DOB",
        "text": "birthday date"
      },
      {
        "intent": "How can I retrieve my reward",
        "text": "How can I retrieve my reward "
      },
      {
        "intent": "How can I retrieve my reward",
        "text": "Retrieve reward"
      },
      {
        "intent": "How do I become a Ambassador member",
        "text": "How do I become a Ambassador member "
      },
      {
        "intent": "How do I become a premium member",
        "text": "How do I become a premium member "
      },
      {
        "intent": "How do I become a premium member",
        "text": "how can I upgrade to premium level?"
      },
      {
        "intent": "How do I check on my pending rewards and how to get them",
        "text": "How do I check on my pending rewards and how to get them "
      },
      {
        "intent": "How do I check on my pending rewards and how to get them",
        "text": "rejected rewards\r"
      },
      {
        "intent": "How do I check on my pending rewards and how to get them",
        "text": "pending reward"
      },
      {
        "intent": "How do I check on pending rewards and how to get them",
        "text": "pending rewards\r"
      },
      {
        "intent": "How do I check on pending rewards and how to get them",
        "text": "How do I check on pending rewards and how to get them "
      },
      {
        "intent": "How do I check on pending rewards and how to get them",
        "text": "rejected rewards"
      },
      {
        "intent": "How do I refer a friend",
        "text": "How do I refer a friend "
      },
      {
        "intent": "How do I refer a friend",
        "text": "refer a friend"
      },
      {
        "intent": "How do I spend my points",
        "text": "How do I spend my points "
      },
      {
        "intent": "How do I spend my points",
        "text": "spend amount"
      },
      {
        "intent": "How do I spend my points",
        "text": "How do I spend my points"
      },
      {
        "intent": "How do I spend my points",
        "text": "spend amount"
      },
      {
        "intent": "How do I update my personal information",
        "text": "How do I update my personal information  "
      },
      {
        "intent": "How do I update my personal information",
        "text": "Change profile information\r"
      },
      {
        "intent": "How I can participate in the poll",
        "text": "How I can participate in the poll "
      },
      {
        "intent": "How I can participate in the poll",
        "text": "Univox Polls                            \r"
      },
      {
        "intent": "How I can participate in the poll",
        "text": "Poll points\r"
      },
      {
        "intent": "How I get the joining bonus",
        "text": "How I get the joining bonus  "
      },
      {
        "intent": "How I get the joining bonus",
        "text": "Joining points    \r"
      },
      {
        "intent": "How I get the joining bonus",
        "text": "Sign on bonus\r"
      },
      {
        "intent": "How I get the joining bonus",
        "text": "500 points\r"
      },
      {
        "intent": "How long do the survey take to complete",
        "text": "How long do the survey take to complete "
      },
      {
        "intent": "How long do the survey take to complete",
        "text": "What is the length of a survey                                    \r"
      },
      {
        "intent": "How long do the survey take to complete",
        "text": "What is the time to complete a survey                                                                                     \r"
      },
      {
        "intent": "How long does it take for your Gift Card to be sent after redeeming the points for it",
        "text": "How long does it take for your Gift Card to be sent after redeeming the points for it "
      },
      {
        "intent": "How long does it take for your Gift Card to be sent after redeeming the points for it",
        "text": "time for gift card"
      },
      {
        "intent": "How long it takes to receive my gift code",
        "text": "How long it takes to receive my gift code "
      },
      {
        "intent": "How long it takes to receive my gift code",
        "text": "Reward time      \r"
      },
      {
        "intent": "How long it takes to receive my gift code",
        "text": "Didn't receive a reward\r"
      },
      {
        "intent": "How many points are required for redemption",
        "text": "How many points are required for redemption "
      },
      {
        "intent": "How many points are required for redemption",
        "text": "What are the minimum points required for redemption \r"
      },
      {
        "intent": "How many points are required for redemption",
        "text": "Premium level redemption\r"
      },
      {
        "intent": "How many points are required for redemption",
        "text": "Ambassador level redemption\r"
      },
      {
        "intent": "How many points are required for redemption",
        "text": "Basic level redemption\r"
      },
      {
        "intent": "How many points are required for redemption",
        "text": "Verified level redemption\r"
      },
      {
        "intent": "How many points are required for redemption",
        "text": "Points need to cash out\r"
      },
      {
        "intent": "How many points do I need to claim redeem a reward",
        "text": "How many points do I need to claim redeem a reward "
      },
      {
        "intent": "How many points do I need to claim redeem a reward",
        "text": "How many points do I need to claim redeem a reward"
      },
      {
        "intent": "How many points do I need to redeem  and how can I redeem",
        "text": "How many points do I need to redeem  and how can I redeem "
      },
      {
        "intent": "How many points do I need to redeem  and how can I redeem",
        "text": "redeem points\r"
      },
      {
        "intent": "How many points do I need to redeem  and how can I redeem",
        "text": "redeem process"
      },
      {
        "intent": "How many points do you need to cash out with pay pal",
        "text": "How many points do you need to cash out with pay pal"
      },
      {
        "intent": "How many surveys can I take in a day",
        "text": "How many surveys can I take in a day "
      },
      {
        "intent": "How to deactivate my account",
        "text": "How to deactivate my account "
      },
      {
        "intent": "How to deactivate my account",
        "text": "Unsubscribe\r"
      },
      {
        "intent": "How to deactivate my account",
        "text": "Delete account\r"
      },
      {
        "intent": "How to earn referal points",
        "text": "How to earn referal points "
      },
      {
        "intent": "How to earn referal points",
        "text": "refer a friend\r"
      },
      {
        "intent": "How to earn referral points",
        "text": "How to earn referral points "
      },
      {
        "intent": "How to earn referral points",
        "text": "refer a friend\r"
      },
      {
        "intent": "How to login",
        "text": "How to login "
      },
      {
        "intent": "How to refer a friend",
        "text": "How to refer a friend "
      },
      {
        "intent": "How to refer a friend",
        "text": "How do i refer a friend\r"
      },
      {
        "intent": "How your points system works",
        "text": "How your points system works "
      },
      {
        "intent": "How your points system works",
        "text": "What is your 1 point is equivalent to        \r"
      },
      {
        "intent": "I am facing some technical error  how can I resolve that",
        "text": "I am facing some technical error  how can I resolve that "
      },
      {
        "intent": "I am facing some technical error  how can I resolve that",
        "text": "technical issue"
      },
      {
        "intent": "I am facing technical error",
        "text": "I am facing technical error "
      },
      {
        "intent": "I am facing technical error",
        "text": "Do not let me access the survey\r"
      },
      {
        "intent": "I am facing technical error",
        "text": "Can not take the survey\r"
      },
      {
        "intent": "I am facing technical error",
        "text": "Can not click on the survey\r"
      },
      {
        "intent": "I am facing technical error",
        "text": "Did not redirect \r"
      },
      {
        "intent": "I am facing technical error",
        "text": "Screen froze \r"
      },
      {
        "intent": "I am facing technical error",
        "text": "Button not working\r"
      },
      {
        "intent": "I am facing technical error",
        "text": "There is a problem\r"
      },
      {
        "intent": "I am unable to login huh",
        "text": "I am unable to login huh "
      },
      {
        "intent": "I am unable to login huh",
        "text": "New password                                                                  \r"
      },
      {
        "intent": "I am unable to login huh",
        "text": "Forget password"
      },
      {
        "intent": "I am unable to login huh",
        "text": "I am unable to login huh"
      },
      {
        "intent": "I am unable to login huh",
        "text": "New password                                                                  \r"
      },
      {
        "intent": "I am unable to login huh",
        "text": "Forget password"
      },
      {
        "intent": "I completed a survey but still the points are not credited into my account  Why",
        "text": "no points for surveys\r"
      },
      {
        "intent": "I completed a survey but still the points are not credited into my account  Why",
        "text": "I completed a survey but still the points are not credited into my account  Why "
      },
      {
        "intent": "I completed a survey but still the points are not credited into my account  Why",
        "text": "I completed a survey but still the points are not credited into my account  Why"
      },
      {
        "intent": "I completed a survey but still the points are not credited into my account  Why",
        "text": "no points for surveys"
      },
      {
        "intent": "I did not get account activation email",
        "text": "I did not get account activation email"
      },
      {
        "intent": "I did not received points",
        "text": "I did not received points "
      },
      {
        "intent": "I did not received points",
        "text": "Missing points      \r"
      },
      {
        "intent": "I did not received points",
        "text": "No points for completion     \r"
      },
      {
        "intent": "I did not received points",
        "text": "Not getting points"
      },
      {
        "intent": "I did not received points",
        "text": "I did not received points"
      },
      {
        "intent": "I did not received points",
        "text": "Missing points      \r"
      },
      {
        "intent": "I did not received points",
        "text": "No points for completion     \r"
      },
      {
        "intent": "I did not received points",
        "text": "Not getting points\r"
      },
      {
        "intent": "I did not received points",
        "text": "disqualification points not credited"
      },
      {
        "intent": "I don   t remember my password",
        "text": "forgot the password\r"
      },
      {
        "intent": "I don   t remember my password",
        "text": "I don   t remember my password "
      },
      {
        "intent": "I don   t remember my password",
        "text": "change password\r"
      },
      {
        "intent": "I don t remember my password",
        "text": "forgot the password\r"
      },
      {
        "intent": "I don t remember my password",
        "text": "I don t remember my password "
      },
      {
        "intent": "I don t remember my password",
        "text": "change password\r"
      },
      {
        "intent": "I dont remember my password",
        "text": "I dont remember my password "
      },
      {
        "intent": "I dont remember my password",
        "text": "New password                                                                  \r"
      },
      {
        "intent": "I dont remember my password",
        "text": "Forget password"
      },
      {
        "intent": "I have completed Survey xyz but did not get points",
        "text": "I have completed Survey xyz but did not get points"
      },
      {
        "intent": "I have completed Survey xyz but did not get points",
        "text": "no survey points\r"
      },
      {
        "intent": "I have completed Survey xyz but did not get points",
        "text": "no 5 points"
      },
      {
        "intent": "I was disqualified from the survey just after filling my profile information  Why",
        "text": "I was disqualified from the survey just after filling my profile information  Why "
      },
      {
        "intent": "I was disqualified from the survey just after filling my profile information  Why",
        "text": "Why I was disqualified from a survey \r"
      },
      {
        "intent": "I was disqualified from the survey just after filling my profile information  Why",
        "text": "disqualify from survey\r"
      },
      {
        "intent": "List the rewards available at Country level",
        "text": "List the rewards available at Country level "
      },
      {
        "intent": "Not working",
        "text": "Not working"
      },
      {
        "intent": "Redemption",
        "text": "Redemption"
      },
      {
        "intent": "Redemption",
        "text": "Your Prepaid Visa Reward will be delivered to you via email. Simply click the link to access your Vi"
      },
      {
        "intent": "Redemption",
        "text": "virtual visa card"
      },
      {
        "intent": "Submit button is not working on the redemption page.",
        "text": "Submit button is not working on the redemption page."
      },
      {
        "intent": "Submit button is not working on the redemption page.",
        "text": "Redemption not working      \r"
      },
      {
        "intent": "Submit button is not working on the redemption page.",
        "text": "Not able to redeem     \r"
      },
      {
        "intent": "Submit button is not working on the redemption page.",
        "text": "Unable to redeem\r"
      },
      {
        "intent": "The App will have the same features as desktop version",
        "text": "The App will have the same features as desktop version "
      },
      {
        "intent": "The App will have the same features as desktop version",
        "text": "app features"
      },
      {
        "intent": "Univox App is available to all mobile OS",
        "text": "Univox App is available to all mobile OS "
      },
      {
        "intent": "Wasting Time",
        "text": "Wasting Time"
      },
      {
        "intent": "Wasting Time",
        "text": "waste time\r"
      },
      {
        "intent": "Wasting Time",
        "text": "not  qualify\r"
      },
      {
        "intent": "Wasting Time",
        "text": "bad user experience\r"
      },
      {
        "intent": "Wasting Time",
        "text": "bad panel\r"
      },
      {
        "intent": "Wasting Time",
        "text": "terrible panel \r"
      },
      {
        "intent": "What are the different membership clubs",
        "text": "What are the different membership clubs "
      },
      {
        "intent": "What are the reward options available",
        "text": "What are the reward options available "
      },
      {
        "intent": "What are the reward options available",
        "text": "What are the reward options available"
      },
      {
        "intent": "What are the reward options",
        "text": "What are the reward options"
      },
      {
        "intent": "What are User levels",
        "text": "user level"
      },
      {
        "intent": "What are User levels",
        "text": "What are User levels "
      },
      {
        "intent": "What are User levels",
        "text": "User level"
      },
      {
        "intent": "What are User levels",
        "text": "What are User levels"
      },
      {
        "intent": "What browser does Univox Community work best in",
        "text": "What browser does Univox Community work best in "
      },
      {
        "intent": "What browser does Univox Community work best in",
        "text": "Is Univox platform independent\r"
      },
      {
        "intent": "What browser does Univox Community work best in",
        "text": "What web browser works"
      },
      {
        "intent": "What information will I need to share",
        "text": "What information will I need to share "
      },
      {
        "intent": "what is   Surprize Me   contest",
        "text": "what is   Surprize Me   contest "
      },
      {
        "intent": "What is  Amazon Gift card",
        "text": "What is  Amazon Gift card "
      },
      {
        "intent": "What is  Rush Through",
        "text": "What is  Rush Through  "
      },
      {
        "intent": "What is access blocked to the site means",
        "text": "What is access blocked to the site means "
      },
      {
        "intent": "What is access blocked to the site means",
        "text": "Can't access account\r"
      },
      {
        "intent": "What is access blocked to the site means",
        "text": "Access to the website blocked"
      },
      {
        "intent": "What is Amazon Gift card",
        "text": "What is Amazon Gift card "
      },
      {
        "intent": "What is authentication badge",
        "text": "What is authentication badge "
      },
      {
        "intent": "What is authentication badge",
        "text": "Can't get authentication badge\r"
      },
      {
        "intent": "What is authentication badge",
        "text": "Purpose of authentication badge"
      },
      {
        "intent": "What is LOI",
        "text": "What is LOI "
      },
      {
        "intent": "What is LOI",
        "text": "What does LOI stands for?\r"
      },
      {
        "intent": "What is LOI",
        "text": "What is the Full Form of LOI?"
      },
      {
        "intent": "What is LOI",
        "text": "Loi means"
      },
      {
        "intent": "What is LOI",
        "text": "What is LOI"
      },
      {
        "intent": "What is my username",
        "text": "What is my username "
      },
      {
        "intent": "What is my username",
        "text": "Forgot username\r"
      },
      {
        "intent": "What is Overall ranking",
        "text": "What is Overall ranking "
      },
      {
        "intent": "What is Paypal",
        "text": "What is Paypal "
      },
      {
        "intent": "What is quality score",
        "text": "What is quality score "
      },
      {
        "intent": "What is quota full",
        "text": "What is quota full "
      },
      {
        "intent": "What is quota full",
        "text": "Quota full"
      },
      {
        "intent": "What is quota full",
        "text": "What is quota full"
      },
      {
        "intent": "What is ranking",
        "text": "What is ranking "
      },
      {
        "intent": "What is Rumble talk",
        "text": "What is Rumble talk "
      },
      {
        "intent": "What is Rumble talk",
        "text": "Shoutmix"
      },
      {
        "intent": "What is security terminate",
        "text": "security terminate"
      },
      {
        "intent": "What is security terminate",
        "text": "What is security terminate "
      },
      {
        "intent": "What is the joining process",
        "text": "What is the joining process "
      },
      {
        "intent": "What is the joining process",
        "text": "New account"
      },
      {
        "intent": "what is the worth if 2500 points",
        "text": "what is the worth if 2500 points "
      },
      {
        "intent": "what is the worth if 2500 points",
        "text": "2500 point is equivalent\r"
      },
      {
        "intent": "what is the worth if 2500 points",
        "text": "2500 points equals to\r"
      },
      {
        "intent": "What is the worth of 2500 points",
        "text": "What is the worth of 2500 points "
      },
      {
        "intent": "What is the worth of 2500 points",
        "text": "value of 2500"
      },
      {
        "intent": "What is the worth of 2500 points",
        "text": "What is the worth of 2500 points"
      },
      {
        "intent": "What is the worth of 2500 points",
        "text": "value of 2500"
      },
      {
        "intent": "What is Univox Community",
        "text": "What is Univox Community "
      },
      {
        "intent": "What is Univox Community",
        "text": "About Univox\r"
      },
      {
        "intent": "What is Virtual Visa card",
        "text": "What is Virtual Visa card "
      },
      {
        "intent": "What is your name",
        "text": "What is your name  "
      },
      {
        "intent": "What is your name",
        "text": "you name please \r"
      },
      {
        "intent": "What is your name",
        "text": "who are you\r"
      },
      {
        "intent": "What is your name",
        "text": "what are you called \r"
      },
      {
        "intent": "What reward options do you offer for redemption",
        "text": "What reward options do you offer for redemption "
      },
      {
        "intent": "What reward options do you offer for redemption",
        "text": "What are reward options?\r"
      },
      {
        "intent": "Where can I check the Subscription level",
        "text": "Where can I check the Subscription level "
      },
      {
        "intent": "Where can I check the Subscription level account level",
        "text": "Where can I check the Subscription level account level "
      },
      {
        "intent": "Where can I check the Subscription level account level",
        "text": "subscription level"
      },
      {
        "intent": "Where can I check the Subscription level account level",
        "text": "account level\r"
      },
      {
        "intent": "Where can I check the Subscription level account level",
        "text": "Where can I check the Subscription level account level"
      },
      {
        "intent": "Where can I check the Subscription level account level",
        "text": "account level"
      },
      {
        "intent": "Where can I check the Subscription level account level",
        "text": "subscription level"
      },
      {
        "intent": "Where can I redeem my points",
        "text": "Where can I redeem my points "
      },
      {
        "intent": "Where can I redeem my points",
        "text": "redeem points"
      },
      {
        "intent": "Where can I view my account activities",
        "text": "Where can I view my account activities "
      },
      {
        "intent": "Where can I view my account activities",
        "text": "Earned points\r"
      },
      {
        "intent": "Where can I view my account activities",
        "text": "profile details"
      },
      {
        "intent": "Where can we find Winner name",
        "text": "Where can we find Winner name"
      },
      {
        "intent": "Where I can check my points",
        "text": "Where I can check my points  "
      },
      {
        "intent": "Where I can check my points",
        "text": "Total points                                                                       Redeemed points                                                                  Remaining points\r"
      },
      {
        "intent": "Where I can find my surveys",
        "text": "Where I can find my surveys  "
      },
      {
        "intent": "Where I can redeem my points",
        "text": "Where I can redeem my points  "
      },
      {
        "intent": "Where I can redeem my points",
        "text": "Redeem points\r"
      },
      {
        "intent": "Where I can redeem my points",
        "text": "How to redeem points\r"
      },
      {
        "intent": "Where I can see the Winner name",
        "text": "Where I can see the Winner name "
      },
      {
        "intent": "Where I can see the Winner name",
        "text": "winner name"
      },
      {
        "intent": "Where is Winner name",
        "text": "Where is Winner name"
      },
      {
        "intent": "Where is Winner name",
        "text": "Winner name\r"
      },
      {
        "intent": "Where is Winner name",
        "text": "contest name"
      },
      {
        "intent": "Who is eligible to join",
        "text": "Who is eligible to join"
      },
      {
        "intent": "Who is eligible to join",
        "text": "Eligibility criteria\r"
      },
      {
        "intent": "Who is eligible to join",
        "text": "Age limit for joining \r"
      },
      {
        "intent": "Who is eligible to join",
        "text": "age required \r"
      },
      {
        "intent": "Who is eligible to participate in surveys",
        "text": "Who is eligible to participate in surveys"
      },
      {
        "intent": "Who is eligible to participate in surveys",
        "text": "Eligibility criteria\r"
      },
      {
        "intent": "Who is eligible to participate in surveys",
        "text": "Age limit for joining \r"
      },
      {
        "intent": "Who is eligible to participate in surveys",
        "text": "Is there any age limit \r"
      },
      {
        "intent": "Who is eligible to participate in surveys",
        "text": "What is the age required \r"
      },
      {
        "intent": "Who is eligible to participate in surveys",
        "text": "What is the age limit\r"
      },
      {
        "intent": "Who is eligible to participate in surveys",
        "text": "Who is eligible"
      },
      {
        "intent": "Whom to contact in case of queries",
        "text": "Whom to contact in case of queries "
      },
      {
        "intent": "Whom to contact in case of queries",
        "text": "Your contact number                         \r"
      },
      {
        "intent": "Whom to contact in case of queries",
        "text": "Phone number    \r"
      },
      {
        "intent": "Whom to contact in case of queries",
        "text": "Email id\r"
      },
      {
        "intent": "Why am I not able to login",
        "text": "Why am I not able to login "
      },
      {
        "intent": "Why am I not able to login",
        "text": "unable to login\r"
      },
      {
        "intent": "Why am I not getting survey invites",
        "text": "Why am I not getting survey invites "
      },
      {
        "intent": "Why am I not getting survey invites",
        "text": "less survey invites"
      },
      {
        "intent": "Why do I need to update my profile information",
        "text": "Why do I need to update my profile information "
      },
      {
        "intent": "Why I am getting less surveys on my App",
        "text": "Why I am getting less surveys on my App "
      },
      {
        "intent": "Why I am getting less surveys on my App",
        "text": "less surveys on app"
      },
      {
        "intent": "Why I m not getting survey invites",
        "text": "Why I m not getting survey invites  "
      },
      {
        "intent": "Why I m not getting survey invites",
        "text": "No surveys"
      },
      {
        "intent": "Why I never qualify for a survey",
        "text": "Why I never qualify for a survey "
      },
      {
        "intent": "Why I never qualify for a survey",
        "text": "Disqualified"
      },
      {
        "intent": "Why I was disqualified from the survey after spending a few minutes answering questions.",
        "text": "Why I was disqualified from the survey after spending a few minutes answering questions."
      },
      {
        "intent": "Why I was disqualified from the survey after spending a few minutes answering questions.",
        "text": "disqualified immediately \r"
      },
      {
        "intent": "Why I was disqualified from the survey after spending a few minutes answering questions.",
        "text": "disqualified after some time \r"
      },
      {
        "intent": "Why is my account terminated",
        "text": "Why is my account terminated "
      },
      {
        "intent": "Why is my account terminated",
        "text": "Account is blocked\r"
      },
      {
        "intent": "Why is my account terminated",
        "text": "Account is deleted\r"
      },
      {
        "intent": "Why is my account terminated",
        "text": "Account does not exist\r"
      },
      {
        "intent": "Why is my account terminated",
        "text": "Account closed\r"
      },
      {
        "intent": "Why my account is terminated deactivated",
        "text": "Why my account is terminated deactivated "
      },
      {
        "intent": "Why my account is terminated deactivated",
        "text": "Account is blocked\r"
      },
      {
        "intent": "Why my account is terminated deactivated",
        "text": "Account is deleted\r"
      },
      {
        "intent": "Why my account is terminated deactivated",
        "text": "Account does not exist\r"
      },
      {
        "intent": "Why my account is terminated deactivated",
        "text": "Account closed\r"
      },
      {
        "intent": "Why my account is terminated",
        "text": "Why my account is terminated"
      },
      {
        "intent": "Why my account is terminated",
        "text": "Account is blocked\r"
      },
      {
        "intent": "Why my account is terminated",
        "text": "Account is deleted\r"
      },
      {
        "intent": "Why my account is terminated",
        "text": "Account does not exist\r"
      },
      {
        "intent": "Why my account is terminated",
        "text": "Account closed\r"
      },
      {
        "intent": "Why my redeem now option is not showing",
        "text": "Why my redeem now option is not showing"
      },
      {
        "intent": "Why my reward is rejected",
        "text": "Why my reward is rejected "
      },
      {
        "intent": "Why my reward is rejected",
        "text": "Reward rejection"
      },
      {
        "intent": "Why Univox",
        "text": "Why Univox "
      },
      {
        "intent": "Will the App will have the same features as desktop version",
        "text": "Will the App will have the same features as desktop version "
      },
      {
        "intent": "Will the App will have the same features as desktop version",
        "text": "app features"
      }
    ],
    "regex_features": [],
    "lookup_tables": [],
    "entity_synonyms": []
  }
}